№;Дата;Фільм;Рік;Нік;Жанр;10;Список
1;19.12.2024;Колонія Дігнідад;2015;aidenxgo;#реал;;Переглянути
2;19.12.2024;Усі гроші світу;2017;aidenxgo;#реал;;Переглянути
3;19.12.2024;Сильніший / Дужчий;2017;aidenxgo;#реал;;Переглянути
4;19.12.2024;Прогулянка висотою;2015;aidenxgo;#реал;;Переглянути
5;19.12.2024;Людина, яка пізнала нескінченність;2015;aidenxgo;#реал;;Переглянути
6;19.12.2024;Код «Червоний»;2018;aidenxgo;#реал;;Переглянути
7;19.12.2024;Вогнеборці;2017;aidenxgo;#реал;;Переглянути
8;19.12.2024;Недоторканні;1987;aidenxgo;#реал;;Переглянути
9;19.12.2024;Зодіак;2007;aidenxgo;#реал;;Переглянути
10;19.12.2024;Державні таємниці;2019;aidenxgo;#реал;;Переглянути
11;19.12.2024;Тренер Картер;2005;aidenxgo;#реал;;Переглянути
12;19.12.2024;Приховані фігури;2016;aidenxgo;#реал;;Переглянути
13;19.12.2024;Аполлон-13;1995;aidenxgo;;;Переглянути
14;18.12.2024;Пульс;2021;aidenxgo;#реал;;Переглянути
15;19.12.2024;Людина, яка змінила все;2011;aidenxgo;#реал;;Переглянути
16;17.01.2025;Вовченята Аме та Юкі;2012;aidenxgo;#аніме;;Переглянути
17;17.01.2025;Сад слів;2013;aidenxgo;#аніме;;Переглянути
18;04.11.2024;Таксист ;2017;aidenxgo;#реал;;Переглянути
19;19.12.2024;Мортал Комбат;2021;TenCort;;;Переглянути
20;31.01.2025;Артист-катастрофа / Горе митець;2017;;#АП #реал;;Переглянути
21;31.01.2025;Список останніх бажань;2007;;#АП? #реал?;;Переглянути
22;31.01.2025;Нокдаун;2005;;#реал;;Переглянути
23;31.01.2025;Великі очі;2014;;#реал;;Переглянути
24;31.01.2025;Невидима сторона;2009;;#реал;;Переглянути
25;31.01.2025;Залізна леді;2011;;#реал;;Переглянути
26;31.01.2025;Небезпечний метод;2011;;#реал;;Переглянути
27;31.01.2025;Шість демонів Емілі Роуз;2005;;#реал;;Переглянути
28;31.01.2025;Закляття;2013;;#реал?;;Переглянути
29;31.01.2025;Звабливий, Поганий, Злий;2019;;#реал;;Переглянути
30;31.01.2025;Неможливе;2012;;#реал;;Переглянути
31;31.01.2025;Наслідки;2021;;#реал?;;Переглянути
32;31.01.2025;Пограбування на Бейкер-стріт;2008;;#реал;;Переглянути
33;31.01.2025;Гангстер ;2007;;#реал;;Переглянути
34;31.01.2025;127 годин;2010;;#реал;;Переглянути
35;31.01.2025;Кон-Тікі;2012;;#реал?;;Переглянути
36;31.01.2025;Відкрите море;2003;;#реал;;Переглянути
37;31.01.2025;Одне життя;2011;;#раел;;Переглянути
38;31.01.2025;Жінка в золотому;2015;;#реал;;Переглянути
39;31.01.2025;Йолопи-розбійники;2016;;#реал;;Переглянути
40;31.01.2025;Прогулянка висотою;2015;;#реал;;Переглянути
41;31.01.2025;Втеча з Преторії;2020;;#реал;;Переглянути
42;31.01.2025;Аутсайдери / Форд проти Феррарі;2019;;#реал;;Переглянути
43;31.01.2025;Одного разу в… Голлівуді;2019;;#реал?;;Переглянути
44;31.01.2025;Ірландець;2019;;#реал;;Переглянути
45;31.01.2025;Зелена книга ;2018;;#реал;;Переглянути
46;31.01.2025;Я, Тоня;2017;;#реал;;Переглянути
47;31.01.2025;Метелик;2017;;#реал;;Переглянути
48;31.01.2025;У центрі уваги;2015;;#реал;;Переглянути
49;31.01.2025;Міст шпигунів;2015;;#реал;;Переглянути
50;31.01.2025;1+1;2011;;#реал;;Переглянути
51;31.01.2025;Мільйонер із нетрів;2008;;#реал?;;Переглянути
52;31.01.2025;У гонитві за щастям;2006;;#реал;;Переглянути
53;31.01.2025;Гра в імітацію;2014;;#реал;;Переглянути
54;31.01.2025;Список Шиндлера;1993;;#реал;;Переглянути
55;31.01.2025;Король говорить;2010;;#реал?;;Переглянути
56;31.01.2025;З міркувань совісті;2016;;#реал;;Переглянути
57;31.01.2025;Термінал;2004;;#реал?;;Переглянути
58;31.01.2025;12 років рабства;2013;;#реал;;Переглянути
59;31.01.2025;Титанік;1997;;#реал;;Переглянути
60;31.01.2025;Засновник;2016;;#реал;;Переглянути
61;31.01.2025;Джобс. Імперія спокуси;2013;;#реал;;Переглянути
62;31.01.2025;Вовк з Уолл-Стріт;2013;;#реал;;Переглянути
63;31.01.2025;Глибоководний горизонт;2016;;#реал;;Переглянути
64;31.01.2025;Сноуден;2016;;#реал;;Переглянути
65;31.01.2025;Далласький клуб покупців;2013;;#реал;;Переглянути
66;31.01.2025;Спіймай мене, якщо зможеш;2002;;#реал;;Переглянути
67;31.01.2025;У полоні стихії;2018;;#реал;;Переглянути
68;31.01.2025;Еверест;2015;;#реал;;Переглянути
69;05.02.2025;Невидимий гість;2016;;;;Переглянути
70;04.03.2025;Мовчання ягнят;1991;04slash20;;;Переглянути
71;04.03.2025;Запах жінки;1992;04slash20;;;Переглянути
72;04.03.2025;Синій оксамит;1986;04slash20;#18+;;Переглянути
73;04.03.2025;Малголланд Драйв;2001;04slash20;#18+;;Переглянути
74;04.03.2025;Бульвар Сансет;1950;04slash20;;;Переглянути
75;04.03.2025;Старим тут не місце;2007;04slash20;;;Переглянути
76;04.03.2025;Фарґо;1996;04slash20;;;Переглянути
77;04.03.2025;Великий Лебовські;1998;04slash20;;;Переглянути
78;03.04.2025;Звук металу;2020;nedkat;#АП?;;Переглянути
79;27.03.2026;Петля часу;2012;??? LastikKsu !замовлення на 02.(09).04.2026;;;Переглянути
80;27.03.2026;Як приборкати дракона;2010;??? PlanetOfTheLuck (TeslaRoom) !замовлення на 03.(10).04.2026;#мультфільм;;Переглянути
81;11.04.2026;Джону дали зброю;1971;fake_ra1n !замовлення на 13.04.2026;;;Переглянути
82;11.04.2026;Маленька міс Щастя;2006;aidenxgo !замовлення на 14.04.2026;;;Переглянути
83;11.04.2026;Цілитель Адамс;1998;aidenxgo !замовлення на 15.04.2026;#реал;;Переглянути
84;11.04.2026;Елвін і бурундуки / Елвін та бурундуки;2007;aidenxgo !замовлення на 16.04.2026;;;Переглянути
85;11.04.2026;Трансформери 2: Помста полеглих / Трансформери: Помста полеглих;2009;windivius !замовлення на 17.04.2026;;;Переглянути
1;;Могила світлячків;1988;;#аніме;4;Переглянуто
2;;Зошит смерті (1_37);2006;;#аніме #серіал;8;Переглянуто
3;;Моя подруга-оленичка Нокотан (1_12);2024;Polivalko;#аніме #серіал;7;Переглянуто
4;;Віднесені привидами / Сен та Чіхіро в полоні у духів;2001;???;#аніме;8;Переглянуто
5;;Сталевий алхімік (1_51);2003;NemesiaUA;#аніме #серіал;5;Переглянуто
6;17.12.2024;Сталевий Алхімік: Завойовник Шамбали;2005;Polivalko, aidenxgo, TenCort;#аніме;5;Переглянуто
7;18.12_19.12.2024;Ласкаво просимо, або Сусідам вхід заборонено;2006;;;7.5;Переглянуто
8;20.12.2024;Теорія всього;2014;;#реал;5.5;Переглянуто
9;23.12.2024;Щасливого Різдва;2019;;;5;Переглянуто
10;24.12.2024;Різдво кота Боба;2020;;#реал;6;Переглянуто
11;25.12.2024;Крампус: викрадач Різдва;2015;;;2;Переглянуто
12;26.12.2024;Новорічний корпоратив;2016;;;8;Переглянуто
13;01.01.2025;Любіть Куперів;2015;;;4;Переглянуто
14;02.01.2025;Чотири різдва;2008;;;4;Переглянуто
15;03.01.2025;Відпочинок за обміном;2006;;;4;Переглянуто
16;06.01.2025;Привiт сiм’ї;2005;;;4;Переглянуто
17;07.01.2025;Реальне кохання;2003;;;4;Переглянуто
18;08.01.2025;Дуже погані матусі;2016;;;6.5;Переглянуто
19;09.01.2025;Дуже погані матусі 2;2017;;;6.5;Переглянуто
20;10.01.2025;Вуличний кіт на ім'я Боб;2016;;#реал;7;Переглянуто
21;13.01.2025;Едді «Орел»;2015;;#реал;7;Переглянуто
22;14.01.2025;Чи зможете Ви мені пробачити?;2018;;#реал;5;Переглянуто
23;15.01.2025;Ціна правди;2019;;#реал;5.5;Переглянуто
24;16.01.2025;Розбірки в стилі кунґ-фу;2004;;;6;Переглянуто
25;17.01.2025;Хлопчик і Чудовисько;2015;Polivalko;#аніме;5;Переглянуто
26;20.01.2025;Банкір;2020;;#реал;5;Переглянуто
27;21.01.2025;Форма голосу;2016;aidenxgo;#аніме;6;Переглянуто
28;22.01.2025;Розправ крила;2019;;#реал;5;Переглянуто
29;23.01.2025;Жозе, тигр і риба / Її завітна мрія;2020;aidenxgo;#аніме;5;Переглянуто
30;24.01.2025;Гра Моллі;2017;;#реал;9;Переглянуто
31;27.01_29.01.2025;Місто, де немає лиш мене (1_12);2016;aidenxgo;#аніме #серіал;5.5;Переглянуто
32;30.01.2025;Мандрівний замок / Мандрівний замок Хаула / Замок-мандрівник;2004;;#аніме;6;Переглянуто
33;31.01.2025;Соціальна мережа;2010;;#реал;7.5;Переглянуто
34;03.02.2025;Готель Мумбаї;2018;;#реал;6.5;Переглянуто
35;04.02.2025;Твоє ім'я;2016;;#аніме;6.5;Переглянуто
36;05.02.2025;Гонка;2013;aidenxgo;#реал;6.5;Переглянуто
37;06.02.2025;Шаолінський футбол / Приголомшливий футбол / Забійний футбол;2001;AlmostBoat !замовлення;;6.5;Переглянуто
38;07.02.2025;Офіцер і шпигун;2019;;#реал;4;Переглянуто
39;10.02.2025;Геній і безумець;2019;;#реал;6;Переглянуто
40;11.02.2025;Мій сусід Тоторо;1988;;#аніме;6;Переглянуто
41;12.02.2025;1917;2019;TenCort;#реал?;4;Переглянуто
42;13.02.2025;Дитя погоди;2019;;#аніме;5;Переглянуто
43;14.02.2025;Влада;2018;;#реал;6;Переглянуто
44;17.02_20.02;Сворд Арт Онлайн / Мистецтво Меча Онлайн (1_25);2012;Polivalko !замовлення на 17.02.2025;#аніме #серіал;6.5;Переглянуто
45;21.02.2025;Шрек;2001;lucii7vel !замовлення на 21.02.2025;#мультфільм;7.5;Переглянуто
46;24.02.2025;Шрек 2;2004;TenCort !замовлення на 24.02.2025;#мультфільм;7.5;Переглянуто
47;25.02.2025;Пила;2004;TenCort !замовлення на 25.02.2025;;7;Переглянуто
48;26.02.2025;Пропала грамота;1972;TenCort !замовлення на 26.02.2025;;6.5;Переглянуто
49;27.02.2025; Анабель;2014;Polivalko !замовлення на 27.02.2025;;4;Переглянуто
50;28.02.2025;Спліт;2017;TenCort !замовлення на 28.02.2025;;5.5;Переглянуто
51;03.03_04.03.2025;Неосяжний океан (1_12);2018;Polivalko !замовлення на 03.03.2025;#аніме #серіал;6;Переглянуто
52;05.03.2025;Пила 2;2005;Polivalko !замовлення на 05.03.2025;;7;Переглянуто
53;06.03_07.03.2025;Золоте божество (1_12);2018;TenCort !замовлення на 06.03.2025;#аніме #серіал;6;Переглянуто
54;10.03.2025;Чорний куклукскланівець;2018;;#реал #18+;5;Переглянуто
55;11.03.2025;Країна чудес Віллі;2021;Polivalko !замовлення на 11.03.2025;;4;Переглянуто
56;12.03.2025;Готель «Гранд Будапешт»;2014;NemesiaUA;;5.5;Переглянуто
57;13.03.2025;Судзуме, що закриває двері;2022;;#аніме;4;Переглянуто
58;14.03.2025;Найвеличніший шоумен;2017;;#реал;7;Переглянуто
59;17.03.2025;Виховання Аризони;1987;aidenxgo (kurvach_) !замовлення на 17.03.2025;;6;Переглянуто
60;18.03.2025;Поцілунок вампіра;1988;aidenxgo (kurvach_) !замовлення на 18.03.2025;;5.5;Переглянуто
61;19.03.2025;Барва з позамежжя світу / Колір з інших світів;2019;aidenxgo (kurvach_) !замовлення на 19.03.2025;;3;Переглянуто
62;20.03.2025;Повітряна в'язниця;1997;aidenxgo (kurvach_) !замовлення на 20.03.2025;;7;Переглянуто
63;21.03.2025;Без обличчя;1997;aidenxgo (kurvach_) !замовлення на 21.03.2025;;8;Переглянуто
64;24.03.2025;Дівчина з Данії;2015;;#реал;5.5;Переглянуто
65;25.03.2025;Відьмина експрес-пошта / Відьмацька служба доставки;1989;;#аніме;5.5;Переглянуто
66;26.03.2025;Сутінки;2008;aidenxgo !замовлення на 26.03.2025;;5.5;Переглянуто
67;27.03.2025;Котяча вдячність, Кицина подяка / Повернення кота / Віддяка кота;2002;;#аніме;7;Переглянуто
68;28.03.2025;Сутінки. Сага. Молодий місяць;2009;Polivalko !замовлення на 28.03.2025;;5.5;Переглянуто
69;31.03.2025;Потяг до Юми;2007;aidenxgo (cartm_an) !замовлення на 31.03.2025;;5.5;Переглянуто
70;01.04.2025;Еквілібріум;2002;aidenxgo (cartm_an) !замовлення на 01.04.2025;;8;Переглянуто
71;02.04.2025;Американський психопат;2000;aidenxgo (cartm_an) !замовлення на 02.04.2025;;5.5;Переглянуто
72;03.04.2025;Лавровий каньйон;2002;aidenxgo (cartm_an) !замовлення на 03.04.2025;;4;Переглянуто
73;04.04.2025;Афера по-американськи / Американська афера;2013;aidenxgo (cartm_an) !замовлення на 04.04.2025;#реал;7.5;Переглянуто
74;07.04.2025;Сутінки. Сага: Затемнення;2010;TenCort !замовлення на 07.04.2025;;5.5;Переглянуто
75;08.04.2025;Позичайка Аріетті / Арієтті з країни ліліпутів;2010;;#аніме;6;Переглянуто
76;09.04.2025;Сутінки. Сага. Світанок: Частина 1;2011;TenCort !замовлення на 09.04.2025;;5.5;Переглянуто
77;10.04.2025;Навсікая з Долини Вітрів / Наусіка з Долини Вітрів;1984;;#аніме;6.5;Переглянуто
78;11.04.2025;Сутінки. Сага. Світанок: Частина 2;2012;TenCort !замовлення на 11.04.2025;;5.5;Переглянуто
79;14.04_15.04.2025;Хорімія (1_13);2021;Polivalko !замовлення на 14.04.2025;#аніме #серіал;5.5;Переглянуто
80;16.04.2025;Сватання на Гончарівці;1958;04slash20;;6;Переглянуто
81;17.04_18.04.2025;Так складно покохати отаку (1_12);2018;Polivalko !замовлення на 17.04.2025;#аніме #серіал;6;Переглянуто
82;21.04.2025;Темні часи;2017;;#реал;6.5;Переглянуто
83;22.04.2025;Аудитор;2016;AllexMidnight;#АП?;7;Переглянуто
84;22.04.2025;Цей прекрасний світ, благословенний Богом! Багряна легенда;2019;desmondua;#аніме;5;Переглянуто
85;22.04.2025;Лобстер;2015;aidenxgo;;6;Переглянуто
86;22.04.2025;Світло мого життя;2019;desmondua;;5;Переглянуто
87;22.04.2025;Фінч;2021;TenCort;;6.5;Переглянуто
88;22.04.2025;Восьма миля;2002;TenCort;#реал;8;Переглянуто
89;22.04.2025;Флешбек;2021;desmondua;;8;Переглянуто
90;22.04.2025;Ідіократія / Планета ідіотів;2006;TenCort;#18+;7.5;Переглянуто
91;22.04.2025;Врятований / Вцілілий;2013;desmondua;#реал;5.5;Переглянуто
92;23.04.2025;Форрест Ґамп;1994;artik_ko;;7.5;Переглянуто
93;24.04.2025;Афросамурай;2007;TenCort !замовлення на 24.04.2025;#аніме;5;Переглянуто
94;25.04.2025;Прикрась прощальний ранок квітами надії;2018;Polivalko (mother_anime) !замовлення на 25.04.2025;#аніме;6;Переглянуто
95;28.04.2025;Готель «Руанда»;2004;;#реал;7;Переглянуто
96;29.04.2025;Небесний замок Лапута;1986;;#аніме;7;Переглянуто
97;30.04.2025;Маска;1994;artik_ko;;8;Переглянуто
98;01.05.2025;Мумія: Гробниця Імператора драконів;2008;the_calmest !замовлення на 01.05.2025;;5;Переглянуто
99;02.05.2025;Спартак;1960;FormerJock !замовлення на 02.05.2025;#реал;7;Переглянуто
100;05.05.2025;Людина, яка змінила все;2011;TenCort !замовлення на 05.05.2025;#реал;6;Переглянуто
101;06.05.2025;Всесвітня Війна Z;2013;TenCort !замовлення на 06.05.2025;;5;Переглянуто
102;07.05.2025;Сім;1995;TenCort !замовлення на 07.05.2025;;7.5;Переглянуто
103;08.05.2025;Знайомтеся — Джо Блек / Знайомтеся, Джо Блек;1998;TenCort !замовлення на 08.05.2025;;8;Переглянуто
104;09.05.2025;Містер і місіс Сміт;2005;TenCort !замовлення на 09.05.2025;;8;Переглянуто
105;12.05.2025;Колонія Дігнідад;2015;sweetfrogs98 (FormerJock) !замовлення на 12.05.2025;#реал;7.5;Переглянуто
106;13.05.2025;Потяг до Пусана;2016;sweetfrogs98 !замовлення на 13.05.2025;;5.5;Переглянуто
107;14.05.2025;Грейхаунд: Битва за Атлантику / Ґрейгаунд;2020;kilogram_halwu !замовлення на 14.05.2025;#АП? #реал?;6;Переглянуто
108;15.05.2025;Спадковість;2018;naazarovich !замовлення на 15.05.2025;;3;Переглянуто
109;16.05.2025;12 розгніваних чоловіків;1957;FormerJock !замовлення на 16.05.2025;;8.5;Переглянуто
110;19.05.2025;Велика риба;2003;McSasha2005 (Kniahynia) !замовлення на 19.05.2025;;6;Переглянуто
111;20.05.2025;Сім душ;2008;McSasha2005 (2pacgta) !замовлення на 20.05.2025;;5;Переглянуто
112;21.05.2025;Передмістя / Провінціали;1989;McSasha2005 (fake_ra1n) !замовлення на 21.05.2025;;7;Переглянуто
113;22.05.2025;Народжена вільною;1966;McSasha2005 (vova_ukrain) !замовлення на 22.05.2025;#реал;6;Переглянуто
114;23.05.2025;Коли Гаррі зустрів Саллі;1989;FormerJock !замовлення на 23.05.2025;;4;Переглянуто
115;26.05.2025;Сім років у Тибеті;1997;;#реал;6.5;Переглянуто
116;27.05.2025;Пила 3;2006;Polivalko !замовлення на 27.05.2025;;7;Переглянуто
117;28.05.2025;Сірий / Сутичка;2011;fake_ra1n !замовлення на 28.05.2025;;5;Переглянуто
118;29.05.2025;Людина з планети Земля;2007;2pacgta !замовлення на 29.05.2025;;5.5;Переглянуто
119;30.05.2025;Круті фараони / Типу круті лягаві;2007;FormerJock !замовлення на 30.05.2025;;8;Переглянуто
120;02.06.2025;Пила 4;2007;Polivalko !замовлення на 02.06.2025;;7;Переглянуто
121;03.06.2025;5 сантиметрів за секунду;2007;aidenxgo (MaKvaaaaa) !замовлення на 03.06.2025;#аніме;4;Переглянуто
122;04.06.2025;Розумник Вілл Хантінг;1997;aidenxgo (04slash20) !замовлення на 04.06.2025;;5;Переглянуто
123;05.06.2025;Містер Ніхто;2009;aidenxgo (Kniahynia) !замовлення на 05.06.2025;;7.5;Переглянуто
124;06.06.2025;Одержимість;2014;aidenxgo (uapixar) !замовлення на 06.06.2025;;5.5;Переглянуто
125;09.06.2025;Ковбой Бібоп. Двері до раю;2001;04slash20 (MaKvaaaaa) !замовлення на 09.06.2025;#аніме;5;Переглянуто
126;10.06.2025;Передчуття ;2007;aidenxgo (pani_karinshok) !замовлення на 10.06.2025;;7;Переглянуто
127;11.06.2025;Острів собак;2018;shtucka_intelekt !замовлення на 11.06.2025;#мультфільм;6.5;Переглянуто
128;12.06.2025;Пила 5;2008;Polivalko !замовлення на 12.06.2025;;7;Переглянуто
129;13.06.2025;П'ятниця 13-те;2009;aidenxgo (harliqween) !замовлення на 13.06.2025;#18+;3;Переглянуто
130;16.06.2025;Бійцівський клуб;1999;uapixar (pani_karinshok) !замовлення на 16.06.2025;;8;Переглянуто
131;17.06.2025;За садовим парканом / По той бік муру (1_10);2014;MaKvaaaaa !замовлення на 17.06.2025;#мультфільм #серіал;6;Переглянуто
132;18.06.2025;Пила 6;2009;Polivalko !замовлення на 18.06.2025;;7;Переглянуто
133;19.06.2025;Чим ми займаємося в тінях;2014;Polivalko (VaLLeri_w) !замовлення на 19.06.2025;;5;Переглянуто
134;20.06.2025;Лишитися живим;2006;fake_ra1n !замовлення на 20.06.2025;;5;Переглянуто
135;23.06.2025;Судний день;2008;Bananium_ !замовлення на 23.06.2025;;6.5;Переглянуто
136;24.06.2025;Спогади про вбивство;2003;aidenxgo !замовлення на 24.06.2025;#реал;7.5;Переглянуто
137;25.06.2025;Прекрасна зелена;1996;aidenxgo (2pacgta) !замовлення на 25.06.2025;;6.5;Переглянуто
138;26.06.2025;Вогнем і мечем;1999;aidenxgo (FormerJock) !замовлення на 26.06.2025;;5;Переглянуто
139;27.06.2025;Ва-банк;1981;aidenxgo (MaKvaaaaa) !замовлення на 27.06.2025;;6;Переглянуто
140;30.06.2025;Зловісні мерці / Лиховісні мерці;1981;xbox_one_online !замовлення на 30.06.2025;;3;Переглянуто
141;01.07.2025;Таксист;2017;aidenxgo !замовлення на 01.07.2025;#реал;7.5;Переглянуто
142;02.07.2025;Зворотній відлік;2019;Mr_iPATRIK !замовлення на 02.07.2025;;7;Переглянуто
143;03.07.2025;Трансформери;2007;pani_karinshok (uapixar) !замовлення на 03.07.2025;;6.5;Переглянуто
144;04.07.2025;Пекельне пекло;2020;aidenxgo (timend8) !замовлення на 04.07.2025;;6.5;Переглянуто
145;07.07.2025;Роккі;1976;FormerJock (Сільвестр Сталлоне) !замовлення на 07.07.2025;;7;Переглянуто
146;08.07.2025;Роккі 2;1979;FormerJock (Сільвестр Сталлоне) !замовлення на 08.07.2025;;7;Переглянуто
147;09.07.2025;Роккі 3;1982;FormerJock (Сільвестр Сталлоне) !замовлення на 09.07.2025;;7;Переглянуто
148;10.07.2025;Роккі 4;1985;FormerJock (Сільвестр Сталлоне) !замовлення на 10.07.2025;;7;Переглянуто
149;11.07.2025;Роккі 5;1990;FormerJock (Сільвестр Сталлоне) !замовлення на 11.07.2025;;7;Переглянуто
150;14.07.2025;1408;2007;2pacgta !замовлення на 14.07.2025;;8;Переглянуто
151;15.07.2025;Тремтіння землі;1990;Polivalko !замовлення на 15.07.2025;;5.5;Переглянуто
152;16.07.2025;Смерть їй личить;1992;aidenxgo (Kniahynia) !замовлення на 16.07.2025;;7;Переглянуто
153;17.07.2025;Не дихай;2016;aidenxgo (Kniahynia) !замовлення на 17.07.2025;;7.5;Переглянуто
154;18.07.2025;Мовчання ягнят;1991;meowsay_ !замовлення на 18.07.2025;;8;Переглянуто
155;21.07.2025;Карти, гроші, два стволи;1998;2pacgta !замовлення на 21.07.2025;#18+;7.5;Переглянуто
156;22.07.2025;Пастка;2017;aidenxgo (pani_karinshok) !замовлення на 22.07.2025;;8;Переглянуто
157;23.07.2025;Гра в імітацію;2014;m1e2k3e4 !замовлення на 23.07.2025;#реал;8;Переглянуто
158;24.07.2025;Білі ціпоньки;2004;aidenxgo (pani_karinshok) !замовлення на 24.07.2025;;7;Переглянуто
159;25.07.2025;Трансформери: Помста полеглих;2009;uapixar !замовлення на 25.07.2025;;6.5;Переглянуто
160;28.07.2025;Хрещений батько;1972;2pacgta !замовлення на 28.07.2025;;7;Переглянуто
161;29.07.2025;Дракула;1992;Mr_iPATRIK !замовлення на 29.07.2025;;4;Переглянуто
162;30.07.2025;Діти моря;2019;aidenxgo !замовлення на 30.07.2025;#аніме;5;Переглянуто
163;31.07.2025;Чотири кімнати;1995;tnat_0ne_fox (pani_karinshok) !замовлення на 31.07.2025;;6;Переглянуто
164;01.08.2025;Ганнібал;2001;meowsay_ !замовлення на 01.08.2025;;7;Переглянуто
165;04.08_07.08.2025;Відьмак (1_13);2002;shtucka_intelekt !замовлення на 04.08.2025;#серіал;7.5;Переглянуто
166;08.08.2025;Вигнанець / Ізгой;2000;2pacgta !замовлення на 08.08.2025;;7;Переглянуто
167;11.08.2025;Зловісні мерці 2 / Лиховісні мерці 2;1987;aidenxgo (xbox_one_online) !замовлення на 11.08.2025;;4;Переглянуто
168;12.08.2025;Ворон;1994;aidenxgo !замовлення на 12.08.2025;;6.5;Переглянуто
169;13.08.2025;Капернаум;2018;tnat_0ne_fox !замовлення на 13.08.2025;#реал;6.5;Переглянуто
170;14.08.2025;Дівчина у потягу;2016;aidenxgo (pani_karinshok) !замовлення на 14.08.2025;;7;Переглянуто
171;15.08.2025;Червоний Дракон;2002;meowsay_ !замовлення на 15.08.2025;;7;Переглянуто
172;18.08.2025;Підводна братва;2004;aidenxgo !замовлення на 18.08.2025;#мультфільм;8;Переглянуто
173;19.08.2025;Визволи нас від зла;2014;aidenxgo !замовлення на 19.08.2025;#реал;4;Переглянуто
174;20.08.2025;Хто Ви, Містер Брукс?;2007;aidenxgo !замовлення на 20.08.2025;;8;Переглянуто
175;21.08.2025;Астерікс проти Цезаря;1985;shtucka_intelekt !замовлення на 21.08.2025;#мультфільм;6.5;Переглянуто
176;22.08.2025;День бабака;1993;Polivalko !замовлення на 22.08.2025;;6.5;Переглянуто
177;25.08.2025;Тремтіння землі 3: Повернення в Перфекшн;2001;Polivalko !замовлення на 25.08.2025;;5.5;Переглянуто
178;26.08.2025;Дуже вампірське кіно;2010;shtucka_intelekt !замовлення на 26.08.2025;;5;Переглянуто
179;27.08.2025;Мільйонер із нетрів;2008;tnat_0ne_fox !замовлення на 27.08.2025;;9;Переглянуто
180;28.08.2025;Лісова братва;2006;aidenxgo !замовлення на 28.08.2025;#мультфільм;7;Переглянуто
181;29.08.2025;Найкраща пропозиція;2013;lKirkaI !замовлення на 29.08.2025;;6;Переглянуто
182;01.09.2025;Тремтіння землі 2: Повторний удар;1996;Polivalko !замовлення на 01.09.2025;;5.5;Переглянуто
183;02.09.2025;Тремтіння землі 4: Легенда починається;2004;lucii7vel !замовлення на 01.09.2025;;5;Переглянуто
184;03.09.2025;Тремтіння землі 5: Кровна рідня;2015;lucii7vel !замовлення на 01.09.2025;;5;Переглянуто
185;04.09.2025;Хороший, поганий, злий;1966;乂丫凵_尸尸 (frast_sav) !замовлення на 01.09.2025;;7.5;Переглянуто
186;05.09.2025;Ганнібал: Сходження / Молодий Ганнібал;2007;meowsay_ !замовлення на 01.09.2025;;7;Переглянуто
187;08.09.2025;Втеча з курника;2000;tnat_0ne_fox !замовлення на 08.09.2025;#мультфільм;6;Переглянуто
188;09.09.2025;Ліки від щастя;2017;aidenxgo (pani_karinshok) !замовлення на 09.09.2025;;5.5;Переглянуто
189;10.09.2025;Війна світів;2005;Polivalko !замовлення на 10.09.2025;;5;Переглянуто
190;11.09.2025;Зоряний десант;1997;tnat_0ne_fox !замовлення на 11.09.2025;;7;Переглянуто
191;12.09.2025;Як приборкати дракона;2010;tnat_0ne_fox !замовлення на 12.09.2025;#мультфільм;8;Переглянуто
192;15.09.2025;Чорна Діра;2000;lKirkaI !замовлення на 15.09.2025;;6;Переглянуто
193;16.09.2025;Хроніки Ріддіка;2004;lKirkaI !замовлення на 16.09.2025;;6;Переглянуто
194;17.09.2025;Ріддік;2013;lKirkaI !замовлення на 17.09.2025;;6;Переглянуто
195;18.09.2025;Останній мисливець на відьом;2015;lKirkaI !замовлення на 18.09.2025;;7;Переглянуто
196;19.09.2025;Визнайте мене винним / Я винний! / Доведіть мою провину;2006;lKirkaI !замовлення на 19.09.2025;#реал;7;Переглянуто
197;22.09.2025;Тремтіння землі 6: Холодний день у пеклі;2018;lucii7vel !замовлення на 22.09.2025;;5;Переглянуто
198;23.09.2025;Тремтіння землі 7: Острів люті;2020;lucii7vel !замовлення на 23.09.2025;;5;Переглянуто
199;24.09.2025;Призначення;2014;m__0ne !замовлення на 24.09.2025;;7;Переглянуто
200;25.09.2025;Обличчя зі шрамом;1983;firewoodt !замовлення на 25.09.2025;;7;Переглянуто
201;26.09.2025;П'ятниця 13-е;1980;lucii7vel !замовлення на 26.09.2025;#АП!;4;Переглянуто
202;29.09.2025;Хеллоуін / Хелловін / Гелловін;2007;Polivalko !замовлення на 29.09.2025;;4;Переглянуто
203;30.09.2025;Назад у майбутнє;1985;aidenxgo !замовлення на 30.09.2025;;8.5;Переглянуто
204;01.10.2025;Лашкаво прошимо;2008;the_calmest !замовлення на 01.10.2025;;5;Переглянуто
205;02.10.2025;Сайлент Хілл;2006;lKirkaI !замовлення на 02.10.2025;;5.5;Переглянуто
206;03.10.2025;Сайлент Хілл 2 / Сайлент Хілл. Звільнення;2012;lKirkaI !замовлення на 03.10.2025;;4;Переглянуто
207;06.10.2025;Назад у майбутнє 2 / Назад у майбутнє. Частина друга;1989;aidenxgo !замовлення на 06.10.2025;;8.5;Переглянуто
208;07.10.2025;Назад у майбутнє 3 / Назад у майбутнє. Частина третя;1990;aidenxgo !замовлення на 07.10.2025;;8.5;Переглянуто
209;08.10.2025;Суддя Дредд;2012;kharkussy !замовлення на 08.10.2025;;5;Переглянуто
210;09.10.2025;Брати з Ґрімзбі;2016;aidenxgo !замовлення на 09.10.2025;#18+;6.5;Переглянуто
211;10.10.2025;Ефект метелика;2004;m__0ne !замовлення на 10.10.2025;;8.5;Переглянуто
212;13.10.2025;Няньки;1994;aidenxgo !замовлення на 13.10.2025;;8;Переглянуто
213;14.10.2025;Сім'янин;2000;aidenxgo (klark27) !замовлення на 14.10.2025;;5.5;Переглянуто
214;15.10.2025;Життя і мета собаки;2017;Stop_me_2 (Trap_for_you) !замовлення на 15.10.2025;;5;Переглянуто
215;16.10.2025;Прибуття;2016;Polivalko !замовлення на 16.10.2025;;5.5;Переглянуто
216;17.10.2025;Достукатися до небес;1997;uapixar (pani_karinshok) !замовлення на 17.10.2025;;7.5;Переглянуто
217;20.10.2025;Післязавтра;2004;Stop_me_2 !замовлення на 20.10.2025;;7.5;Переглянуто
218;21.10.2025;Дім дивних дітей міс Сапсан;2016;aidenxgo !замовлення на 21.10.2025;;7.5;Переглянуто
219;03.11.2025;Повний облом;2006;fake_ra1n !замовлення на 27.10.(03.11).2025;;7;Переглянуто
220;04.11.2025;Едвард руки-ножиці;1990;aidenxgo !замовлення на 28.10.(04.11).2025;;8;Переглянуто
221;05.11.2025;Не дихай;2016;m__0ne !замовлення на 22.10.(05.11).2025;;7.5;Переглянуто
222;06.11.2025;Не дихай 2;2021;m__0ne !замовлення на 23.10.(06.11).2025;;5.5;Переглянуто
223;07.11.2025;Таємне вікно;2004;that_0ne_fox !замовлення на 24.10.(07.11).2025;;7;Переглянуто
224;10.11.2025;1+1 / Недоторканні;2011;m__0ne !замовлення на 10.11.2025;#реал;8;Переглянуто
225;11.11.2025;Кораліна у світі кошмарів;2009;glvkrn_ !замовлення на 11.11.2025;#мультфільм;7;Переглянуто
226;12.11.2025;Маяк;2019;ReichJavik !замовлення на 12.11.2025;;4.5;Переглянуто
227;13.11.2025;Диявол і Деніел Вебстер;2003;fake_ra1n !замовлення на 13.11.2025;;7;Переглянуто
228;14.11.2025;Двохсотрічна людина;1999;the_calmest !замовлення на 14.11.2025;;7.5;Переглянуто
229;17.11.2025;Зловісні мерці 3: Армія темряви / Лиховісні мерці 3: Армія темряви / Армія темряви;1992;xbox_one_online !замовлення на 17.11.2025;;4.5;Переглянуто
230;18.11.2025;Людина - швейцарський ніж;2016;m__0ne !замовлення на 18.11.2025;;5.5;Переглянуто
231;19.11.2025;Диво / Чудо;2017;pani_karinshok !замовлення на 19.11.2025;;6;Переглянуто
232;20.11.2025;Монті Пайтон і Священний Грааль;1975;TenCort !замовлення на 20.11.2025;;6.5;Переглянуто
233;24.11.2025;Донні Браско;1997;that_0ne_fox !замовлення на 24.11.2025;#реал;7;Переглянуто
234;25.11.2025;Страх і огида в Лас-Вегасі;1998;that_0ne_fox !замовлення на 25.11.2025;;6;Переглянуто
235;26.11.2025;Мінамата;2020;that_0ne_fox !замовлення на 26.11.2025;#реал;6;Переглянуто
236;27.11.2025;Турист;2010;that_0ne_fox !замовлення на 27.11.2025;;7.5;Переглянуто
237;28.11.2025;Сонна лощина;1999;that_0ne_fox !замовлення на 28.11.2025;;7.5;Переглянуто
238;01.12.2025;Скотт Пілігрим проти світу;2010;volodymyr5059 !замовлення на 01.12.2025;;7.5;Переглянуто
239;02.12.2025;Чунцінський експрес / Чунґкінзький експрес;1994;ReichJavik !замовлення на 02.12.2025;;4.5;Переглянуто
240;03.12.2025;Контроль над гнівом / Керування гнівом;2003;pani_karinshok !замовлення на 03.12.2025;;7.5;Переглянуто
241;04.12.2025;Всі шаленіють від Мері / Дещо про Мері;1998;pani_karinshok !замовлення на 04.12.2025;;7;Переглянуто
242;05.12.2025;Вітаємо у Зомбіленді;2009;Kirka_UA_ !замовлення на 05.12.2025;;8;Переглянуто
243;08.12.2025;Бунтарка;2006;timendio !замовлення на 08.12.2025;;8;Переглянуто
244;09.12.2025;Життя;2017;Polivalko !замовлення на 09.12.2025;;7;Переглянуто
245;10.12.2025;28 днів потому;2002;timendio !замовлення на 10.12.2025;;7;Переглянуто
246;11.12.2025;Зомбіленд: Подвійний постріл;2019;Kirka_UA_ !замовлення на 11.12.2025;;8;Переглянуто
247;12.12.2025;Червоні вогні;2012;timendio !замовлення на 12.12.2025;;7.5;Переглянуто
248;15.12_16.12.2025;У дев'ятому номері (S01 - 1_6);2014;timendio !замовлення на 15.12.2025;#серіал;7.5;Переглянуто
249;17.12_18.12.2025;У дев'ятому номері (S02 - 1_6);2015;timendio !замовлення на 17.12.2025;#серіал;6.5;Переглянуто
250;19.12.2025;Поганий Санта;2003;pani_karinshok !замовлення на 19.12.2025;;7;Переглянуто
251;22.12.2025;Детройт - місто року;1999;xbox_one_online !замовлення на 22.12.2025;;7.5;Переглянуто
252;23.12.2025;Санта на продаж;2010;timendio !замовлення на 23.12.2025;;4;Переглянуто
253;25.12.2025;Мерзенна вісімка;2015;foxenkko !замовлення на 25.12.2025;;8;Переглянуто
254;26.12.2025;Інтуїція;2001;lanalit7 !замовлення на 26.12.2025;;7.5;Переглянуто
255;29.12.2025;Як Грінч украв Різдво;2000;---;;8;Переглянуто
256;30.12.2025;Ласкаво просимо, або сусідам вхід заборонено;2006;---;;8;Переглянуто
257;31.12.2025;Новорічний корпоратив;2016;---;;8.5;Переглянуто
258;01.01.2026;Як Ґрінч украв Різдво!;1966;---;#мультфільм;8;Переглянуто
259;02.01.2026;Ґрінч / Грінч;2018;---;#мультфільм;7;Переглянуто
260;05.01.2026;Сам удома / Один вдома;1990;---;#АП?;8.5;Переглянуто
261;06.01.2026;Сам удома 2 / Один вдома 2: Загублений у Нью-Йорку;1992;---;#АП?;8.5;Переглянуто
262;07.01.2026;Сам удома 3 / Один вдома 3;1997;---;#АП?;8;Переглянуто
263;08.01.2026;Сам удома 4 / Один вдома 4;2002;---;#АП!;5;Переглянуто
264;09.01.2026;Сам удома 5 / Сам удома 5: Святкове пограбування;2012;---;#АП?;5;Переглянуто
265;12.01.2026;Сам удома / Один вдома;2021;---;#АП?;5;Переглянуто
266;13.01.2026;Пережити Різдво;2004;---;;6.5;Переглянуто
267;14.01.2026;Краще не дивись / Дивись на всі боки;2016;---;;6;Переглянуто
268;15.01.2026;Диво на 34-й вулиці;1994;---;;6.5;Переглянуто
269;16.01.2026;Ельф;2003;---;;7;Переглянуто
270;19.01.2026;30 днів ночі;2007;fake_ra1n !замовлення на 19.01.2026;;4;Переглянуто
271;20.01.2026;Земля загублених / Загублений світ;2009;bitnep92 !замовлення на 20.01.2026;;7;Переглянуто
272;21.01.2026;Дюплекс;2003;pani_karinshok !замовлення на 21.01.2026;;7.5;Переглянуто
273;22.01.2026;Патруль;2012;timendio !замовлення на 22.01.2026;;7;Переглянуто
274;23.01.2026;Пекельна Хоругва, або Різдво Козацьке;2019;manByburka !замовлення на 23.01.2026;;7;Переглянуто
275;26.01.2026;Зоонаглядач / Мій хлопець із зоопарку;2011;bitnep92 !замовлення на 26.01.2026;;8;Переглянуто
276;27.01.2026;Будинок з годинником у стінах;2018;bitnep92 !замовлення на 27.01.2026;;7.5;Переглянуто
277;28.01.2026;Доктор Дулітл / Доктор Дуліттл;1998;bitnep92 !замовлення на 28.01.2026;;7.5;Переглянуто
278;29.01.2026;Мемуари гейші / Щоденник гейшi;2005;Polivalko !замовлення на 29.01.2026;;6;Переглянуто
279;30.01.2026;Голий пістолет;1988;manByburka !замовлення на 30.01.2026;;8;Переглянуто
280;02.02_13.02.2026;Наруто (1_50/220);2002;volodymyr5059 !замовлення на 02.02.2026;#аніме #серіал;7.5;Переглянуто
281;16.02.2026;Танцівник диско / Танцюрист Диско;1982;NemesiaUA !замовлення на 16.02.2026;;5;Переглянуто
282;17.02.2026;Арахісовий сокіл;2019;xxopcc !замовлення на 17.02.2026;;7;Переглянуто
283;18.02.2026;Юні Мутанти Черепашки Ніндзя;1990;windivius !замовлення на 18.02.2026;;7;Переглянуто
284;19.02.2026;Юні Мутанти Черепашки Ніндзя II. Таємниця Препарату;1991;windivius !замовлення на 19.02.2026;;7;Переглянуто
285;23.02_26.02.2026;Аватар: Останній Захисник - Книга перша: Вода (S01 - 1_20);2005;firewoodt !замовлення на 23.02.2026;#мультфільм #серіал;7;Переглянуто
286;27.02.2026;Пропала грамота;1972;manByburka !замовлення на 27.02.2026;;7.5;Переглянуто
287;02.03_05.03.2026;Аватар: Останній Захисник - Книга друга: Земля (S02 - 1_20);2006;firewoodt !замовлення на 02.03.2026;#мультфільм #серіал;7;Переглянуто
288;06.03.2026;Життя Пі;2012;manByburka (lastikksu) !замовлення на 06.03.2026;;8.5;Переглянуто
289;09.03.2026;Спуск;2005;TeslaRoom !замовлення на 09.03.2026;;4.5;Переглянуто
290;10.03.2026;Спуск 2;2009;TeslaRoom !замовлення на 10.03.2026;;4.5;Переглянуто
291;11.03.2026;Бібліотекар: У пошуках списа долі;2004;bitnep92 !замовлення на 11.03.2026;;6.5;Переглянуто
292;12.03.2026;Бібліотекар 2: Повернення в копальні царя Соломона;2006;bitnep92 !замовлення на 12.03.2026;;6.5;Переглянуто
293;13.03.2026;Панда Кунг-Фу;2008;firewoodt !замовлення на 13.03.2026;#мультфільм;8.5;Переглянуто
294;16.03_19.03.2026;Аватар: Останній Захисник - Книга третя: Вогонь (S03 - 1_21);2007;firewoodt !замовлення на 16.03.2026;#мультфільм #серіал;7;Переглянуто
295;20.03.2026;Палмер;2021;xxopcc !замовлення на 20.02.(20.03).2026;;6;Переглянуто
296;23.03_27.03.2026;Наруто (51_75/220);2002;volodymyr5059 !замовлення на 23.03.2026;#аніме #серіал;7.5;Переглянуто
297;30.03.2026;Неймовірні пригоди Адель Блан-Сек;2010;blackwhitejkjk !замовлення на 30.03.2026;;7;Переглянуто
298;31.03.2026;Різники;2010;m__0ne !замовлення на 31.03.2026;;7.5;Переглянуто
299;01.04.2026;Люта нічка;2022;LastikKsu (m__0ne) !замовлення на 01.04.2026;;7;Переглянуто